"simID","areaName","scenario","mgmt","cropped","spinup","fire","BDA","wind","harvest","replicate"
"0","boreal-5a","baseline","generic",TRUE,FALSE,TRUE,TRUE,TRUE,TRUE,1
"1","boreal-5a","RCP45","generic",TRUE,FALSE,TRUE,TRUE,TRUE,TRUE,1
"2","boreal-5a","RCP85","generic",TRUE,FALSE,TRUE,TRUE,TRUE,TRUE,1
"3","boreal-5a","baseline","noHarvest",TRUE,FALSE,TRUE,TRUE,TRUE,FALSE,1
"4","boreal-5a","RCP45","noHarvest",TRUE,FALSE,TRUE,TRUE,TRUE,FALSE,1
"5","boreal-5a","RCP85","noHarvest",TRUE,FALSE,TRUE,TRUE,TRUE,FALSE,1
