"simID","areaName","scenario","mgmt","cropped","spinup","includeSnags","fire","BDA","wind","harvest","replicate"
"0","boreal-085-51","baseline","generic",TRUE,FALSE,FALSE,FALSE,TRUE,TRUE,TRUE,1
"1","boreal-085-51","RCP45","generic",TRUE,FALSE,FALSE,FALSE,TRUE,TRUE,TRUE,1
"2","boreal-085-51","RCP85","generic",TRUE,FALSE,FALSE,FALSE,TRUE,TRUE,TRUE,1
"3","boreal-085-51","baseline","noHarvest",TRUE,FALSE,FALSE,FALSE,TRUE,TRUE,FALSE,1
"4","boreal-085-51","RCP45","noHarvest",TRUE,FALSE,FALSE,FALSE,TRUE,TRUE,FALSE,1
"5","boreal-085-51","RCP85","noHarvest",TRUE,FALSE,FALSE,FALSE,TRUE,TRUE,FALSE,1
